id,produto,quantidade,preço,data
1,halteres ajustáveis,5,200.00,01/11/2023
2,mancais,10,50.00,02/11/2023
3,faixa elástica,20,30.00,03/11/2023
4,caneleiras,15,40.00,04/11/2023
5,máquina de remo,2,1200.00,05/11/2023
6,bicicleta ergométrica,1,1500.00,06/11/2023
7,tapete de yoga,12,70.00,07/11/2023
8,bola de estabilidade,8,90.00,08/11/2023
9,corda de pular,25,20.00,09/11/2023
10,kit de kettlebells,3,300.00,10/11/2023
11,mesa de abdominal,4,150.00,11/11/2023
12,espelho de academia,1,600.00,12/11/2023
13,garrafa de água,30,15.00,13/11/2023
14,suporte para barra,6,100.00,14/11/2023
15,conjunto de barras,2,800.00,15/11/2023
16,perneira para exercícios,10,35.00,16/11/2023
17,roda de abdominal,5,45.00,17/11/2023
18,bolsa de ginástica,12,60.00,18/11/2023
19,bandagem para punho,20,12.00,19/11/2023
20,meias de compressão,15,25.00,20/11/2023
21,peitoral de musculação,3,90.00,21/11/2023
22,escada de agilidade,7,50.00,22/11/2023
23,manômetro para medição de pressão,5,80.00,23/11/2023
