id,produto,quantidade,preço,data
1,cafeteira elétrica,2,150.00,01/04/2023
2,liquidificador,5,120.00,02/04/2023
3,air fryer,3,300.00,03/04/2023
4,panela de pressão,8,90.00,04/04/2023
5,roupeiro,2,600.00,05/04/2023
6,mesa de escritório,4,450.00,06/04/2023
7,cadeira ergonômica,6,350.00,07/04/2023
8,estante,3,200.00,08/04/2023
9,sofá 2 lugares,1,1200.00,09/04/2023
10,cama box,2,800.00,10/04/2023
11,colchão,4,500.00,11/04/2023
12,ar condicionado,1,2500.00,12/04/2023
13,ventilador de mesa,15,80.00,13/04/2023
14,umidificador de ar,6,120.00,14/04/2023
15,aspirador de pó,3,400.00,15/04/2023
16,tv 55 polegadas,2,2000.00,16/04/2023
17,sistema de som,4,800.00,17/04/2023
18,reprodutor de DVD,7,200.00,18/04/2023
19,decoração de parede,10,50.00,19/04/2023
20,luminária pendente,5,150.00,20/04/2023
21,micro-ondas,4,600.00,21/04/2023
22,lavadora de roupas,2,1500.00,22/04/2023
23,secar roupa,3,250.00,23/04/2023
24,torradeira,6,100.00,24/04/2023
25,relógio inteligente,8,300.00,25/04/2023
26,monitor LED 24", 2, 500.00, 26/04/2023
27,teclado mecânico,4,250.00,27/04/2023
28,mouse gamer,6,150.00,28/04/2023
29,webcam,3,200.00,29/04/2023
30,alto-falante portátil,5,350.00,30/04/2023
